{
  "GNN": {
    "MAE": 747.7434945970543,
    "RMSE": 1623.8473470966924,
    "R2": 0.12116455438576268
  },
  "Forecaster": {
    "MAE": 884.5686159656873,
    "RMSE": 1906.991168146749,
    "R2": -0.2120332327347343
  },
  "Otegi": {
    "MAE": 923.9650823032271,
    "RMSE": 1951.9333102292187,
    "R2": -0.2698344802919779
  },
  "p_value_vs_forecaster": 9.144044507390821e-08
}